team_id,name,abbr,nickname,logo_file_name,city_id,park_id,league_id,sub_league_id,division_id,nation_id,parent_team_id,level,prevent_any_moves,human_team,human_id,gender,background_color_id,text_color_id,ballcaps_main_color_id,ballcaps_visor_color_id,jersey_main_color_id,jersey_away_color_id,jersey_secondary_color_id,jersey_pin_stripes_color_id,allstar_team,historical_id
31,"Arizona","ARI","Diamondbacks","arizona_diamondbacks.png",58739,13,150,1,2,206,0,1,0,0,0,0,"#A71930","#000000","#A71930","#000000","#FFFFFF","#AAAAAA","#A71930","#A71930",0,"ARI"
32,"Atlanta","ATL","Braves","atlanta_braves.png",4704,513,150,1,0,206,0,1,0,0,0,0,"#002D59","#D0043C","#002D59","#D0043C","#FFFFFF","#AAAAAA","#002D59","#002D59",0,"ATL"
33,"Baltimore","BAL","Orioles","baltimore_orioles.png",6650,14,150,0,0,206,0,1,0,0,0,0,"#DF4601","#000000","#DF4601","#000000","#FFFFFF","#AAAAAA","#DF4601","#DF4601",0,"BAL"
34,"Boston","BOS","Red Sox","boston_red_sox.png",10948,15,150,0,0,206,0,1,0,0,0,0,"#BD3039","#0D2B56","#BD3039","#0D2B56","#FFFFFF","#AAAAAA","#BD3039","#BD3039",0,"BOS"
35,"Chicago","CWS","White Sox","chicago_white_sox.png",13181,16,150,0,1,206,0,1,0,0,0,0,"#FFFFFF","#1D1D1B","#FFFFFF","#1D1D1B","#FFFFFF","#AAAAAA","#FFFFFF","#FFFFFF",0,"CHA"
36,"Chicago","CHC","Cubs","chicago_cubs.png",13181,17,150,1,1,206,0,1,0,0,0,0,"#004B8B","#DA052E","#004B8B","#DA052E","#FFFFFF","#AAAAAA","#004B8B","#004B8B",0,"CHN"
37,"Cincinnati","CIN","Reds","cincinnati_reds.png",13776,18,150,1,1,206,0,1,0,0,0,0,"#C6011F","#041E42","#C6011F","#041E42","#FFFFFF","#AAAAAA","#C6011F","#C6011F",0,"CIN"
38,"Cleveland","CLE","Indians","cleveland_indians.png",14082,19,150,0,1,206,0,1,0,0,0,0,"#E31937","#002B5C","#E31937","#002B5C","#FFFFFF","#AAAAAA","#E31937","#E31937",0,"CLE"
39,"Colorado","COL","Rockies","colorado_rockies.png",20170,20,150,1,2,206,0,1,0,0,0,0,"#33006F","#C4CED4","#33006F","#C4CED4","#FFFFFF","#AAAAAA","#33006F","#33006F",0,"COL"
40,"Detroit","DET","Tigers","detroit_tigers.png",20315,21,150,0,1,206,0,1,0,0,0,0,"#0C2C56","#FF6600","#0C2C56","#FF6600","#FFFFFF","#AAAAAA","#0C2C56","#0C2C56",0,"DET"
41,"Miami","MIA","Marlins","miami_marlins.png",50031,22,150,1,0,206,0,1,0,0,0,0,"#00A3E0","#EF3340","#00A3E0","#EF3340","#FFFFFF","#AAAAAA","#00A3E0","#00A3E0",0,"FLO"
42,"Houston","HOU","Astros","houston_astros.png",32688,23,150,0,2,206,0,1,0,0,0,0,"#002D62","#EB6E1F","#002D62","#EB6E1F","#FFFFFF","#AAAAAA","#002D62","#002D62",0,"HOU"
43,"Kansas City","KC","Royals","kansas_city_royals.png",36925,24,150,0,1,206,0,1,0,0,0,0,"#004687","#C09A5B","#004687","#C09A5B","#FFFFFF","#AAAAAA","#004687","#004687",0,"KCA"
44,"Los Angeles","LAA","Angels","los_angeles_angels.png",2845,25,150,0,2,206,0,1,0,0,0,0,"#BA0021","#003263","#BA0021","#003263","#FFFFFF","#AAAAAA","#BA0021","#BA0021",0,"LAA"
45,"Los Angeles","LAD","Dodgers","los_angeles_dodgers.png",41955,26,150,1,2,206,0,1,0,0,0,0,"#005A9C","#FFFFFF","#005A9C","#FFFFFF","#FFFFFF","#AAAAAA","#005A9C","#005A9C",0,"LAN"
46,"Milwaukee","MIL","Brewers","milwaukee_brewers.png",50428,27,150,1,1,206,0,1,0,0,0,0,"#0A2351","#B6922E","#0A2351","#B6922E","#FFFFFF","#AAAAAA","#0A2351","#0A2351",0,"MIL"
47,"Minnesota","MIN","Twins","minnesota_twins.png",50536,28,150,0,1,206,0,1,0,0,0,0,"#002D59","#D0043C","#002D59","#D0043C","#FFFFFF","#AAAAAA","#002D59","#002D59",0,"MIN"
48,"New York","NYY","Yankees","new_york_yankees.png",55211,29,150,0,0,206,0,1,0,0,0,0,"#132448","#FFFFFF","#132448","#FFFFFF","#FFFFFF","#AAAAAA","#132448","#132448",0,"NYA"
49,"New York","NYM","Mets","new_york_mets.png",55211,30,150,1,0,206,0,1,0,0,0,0,"#002D72","#FF5910","#002D72","#FF5910","#FFFFFF","#AAAAAA","#002D72","#002D72",0,"NYN"
50,"Oakland","OAK","Athletics","oakland_athletics.png",56459,31,150,0,2,206,0,1,0,0,0,0,"#003831","#EFB21E","#003831","#EFB21E","#FFFFFF","#AAAAAA","#003831","#003831",0,"OAK"
51,"Philadelphia","PHI","Phillies","philadelphia_phillies.png",58713,32,150,1,0,206,0,1,0,0,0,0,"#E81828","#003278","#E81828","#003278","#FFFFFF","#AAAAAA","#E81828","#E81828",0,"PHI"
52,"Pittsburgh","PIT","Pirates","pittsburgh_pirates.png",59354,33,150,1,1,206,0,1,0,0,0,0,"#FDB827","#000000","#FDB827","#000000","#FFFFFF","#AAAAAA","#FDB827","#FDB827",0,"PIT"
53,"San Diego","SD","Padres","san_diego_padres.png",69896,34,150,1,2,206,0,1,0,0,0,0,"#05143F","#FDB726","#05143F","#FDB726","#FFFFFF","#AAAAAA","#05143F","#05143F",0,"SDN"
54,"Seattle","SEA","Mariners","seattle_mariners.png",72460,35,150,0,2,206,0,1,0,0,0,0,"#0C2C56","#005C5C","#0C2C56","#005C5C","#FFFFFF","#AAAAAA","#0C2C56","#0C2C56",0,"SEA"
55,"San Francisco","SF","Giants","san_francisco_giants.png",69999,36,150,1,2,206,0,1,0,0,0,0,"#EE712A","#1D1D1B","#EE712A","#1D1D1B","#FFFFFF","#AAAAAA","#EE712A","#EE712A",0,"SFN"
56,"St. Louis","STL","Cardinals","st_louis_cardinals.png",69095,37,150,1,1,206,0,1,0,0,0,0,"#C41E3A","#000066","#C41E3A","#000066","#FFFFFF","#AAAAAA","#C41E3A","#C41E3A",0,"SLN"
57,"Tampa Bay","TB","Rays","tampa_bay_rays.png",69137,38,150,0,0,206,0,1,0,0,0,0,"#092C5C","#8FBCE6","#092C5C","#8FBCE6","#FFFFFF","#AAAAAA","#092C5C","#092C5C",0,"TBA"
58,"Texas","TEX","Rangers","texas_rangers.png",4076,39,150,0,2,206,0,1,0,0,0,0,"#003278","#C0111F","#003278","#C0111F","#FFFFFF","#AAAAAA","#003278","#003278",0,"TEX"
59,"Toronto","TOR","Blue Jays","toronto_blue_jays.png",80680,40,150,0,0,36,0,1,0,1,1,0,"#134A8E","#E8291C","#134A8E","#E8291C","#FFFFFF","#AAAAAA","#134A8E","#134A8E",0,"TOR"
60,"Washington","WSH","Nationals","washington_nationals.png",87845,41,150,1,0,206,0,1,0,0,0,0,"#AB0003","#11225B","#AB0003","#11225B","#FFFFFF","#AAAAAA","#AB0003","#AB0003",0,"WAS"
85,"American League","AL","All-Stars","american_league_all-stars.png",0,23,150,0,0,0,0,1,0,0,0,0,"#F9002D","#FFFFFF","#006AFA","#41CDE8","#D82E3A","#D82E3A","#0C2B55","#0C2B55",1,""
86,"National League","NL","All-Stars","national_league_all-stars.png",0,34,150,1,0,0,0,1,0,0,0,0,"#0A2769","#FFFFFF","#8D640E","#067D2E","#01003E","#01003E","#C4000C","#C4000C",1,""
157,"Columbus","CLM","Clippers","columbus_clippers.png",14625,80,151,0,2,206,38,2,0,0,0,0,"#DA291C","#C1C6C8","#DA291C","#C1C6C8","#FFFFFF","#AAAAAA","#DA291C","#DA291C",0,""
158,"Lehigh Valley","LHV","IronPigs","lehigh_valley_ironpigs.png",1707,81,151,0,0,206,51,2,0,0,0,0,"#A7A8AA","#041E42","#A7A8AA","#041E42","#FFFFFF","#AAAAAA","#A7A8AA","#A7A8AA",0,""
159,"Pawtucket","PAW","Red Sox","pawtucket_red_sox.png",63278,82,151,0,0,206,34,2,0,0,0,0,"#C8102E","#0C2340","#C8102E","#0C2340","#FFFFFF","#AAAAAA","#C8102E","#C8102E",0,""
160,"Rochester","ROC","Red Wings","rochester_red_wings.png",66478,83,151,0,0,206,47,2,0,0,0,0,"#DA291C","#FFCD00","#DA291C","#FFCD00","#FFFFFF","#AAAAAA","#DA291C","#DA291C",0,""
161,"Scranton WB","SCR","RailRiders","scranton_wb_railriders.png",51736,84,151,0,0,206,48,2,0,0,0,0,"#85714D","#0C2340","#85714D","#0C2340","#FFFFFF","#AAAAAA","#85714D","#85714D",0,""
162,"Las Vegas","LVA","Aviators","las_vegas_aviators.png",43942,85,152,1,1,206,50,2,0,0,0,0,"#002D59","#EF7723","#002D59","#EF7723","#FFFFFF","#AAAAAA","#002D59","#002D59",0,""
163,"Charlotte","CHR","Knights","charlotte_knights.png",18952,86,151,0,1,206,35,2,0,0,0,0,"#2D2926","#8A8D8F","#2D2926","#8A8D8F","#FFFFFF","#AAAAAA","#2D2926","#2D2926",0,""
164,"Durham","DUR","Bulls","durham_bulls.png",19502,87,151,0,1,206,57,2,0,0,0,0,"#A1561C","#001489","#A1561C","#001489","#FFFFFF","#AAAAAA","#A1561C","#A1561C",0,""
165,"Norfolk","NOR","Tides","norfolk_tides.png",56019,88,151,0,1,206,33,2,0,0,0,0,"#009353","#EE7029","#009353","#EE7029","#FFFFFF","#AAAAAA","#009353","#009353",0,""
166,"Gwinnett","GWI","Stripers","gwinnett_stripers.png",44165,89,151,0,1,206,32,2,0,0,0,0,"#002D59","#6FB055","#002D59","#6FB055","#FFFFFF","#AAAAAA","#002D59","#002D59",0,""
167,"Syracuse","SYR","Mets","syracuse_mets.png",77297,90,151,0,0,206,49,2,0,0,0,0,"#004587","#EF7723","#004587","#EF7723","#FFFFFF","#AAAAAA","#004587","#004587",0,""
168,"Indianapolis","IND","Indians","indianapolis_indians.png",34491,91,151,0,2,206,52,2,0,0,0,0,"#C8102E","#B2B4B2","#C8102E","#B2B4B2","#FFFFFF","#AAAAAA","#C8102E","#C8102E",0,""
169,"Louisville","LOU","Bats","louisville_bats.png",42078,92,151,0,2,206,37,2,0,0,0,0,"#E2061F","#18223F","#E2061F","#18223F","#FFFFFF","#AAAAAA","#E2061F","#E2061F",0,""
170,"Toledo","TOL","Mud Hens","toledo_mud_hens.png",80442,169,151,0,2,206,40,2,0,0,0,0,"#F2A900","#D50032","#F2A900","#D50032","#FFFFFF","#AAAAAA","#F2A900","#F2A900",0,""
171,"Iowa","IOW","Cubs","iowa_cubs.png",20253,94,152,0,0,206,36,2,0,0,0,0,"#002F6C","#C8102E","#002F6C","#C8102E","#FFFFFF","#AAAAAA","#002F6C","#002F6C",0,""
172,"Memphis","MEM","Redbirds","memphis_redbirds.png",49583,95,152,0,1,206,56,2,0,0,0,0,"#D0043C","#002D59","#D0043C","#002D59","#FFFFFF","#AAAAAA","#D0043C","#D0043C",0,""
173,"Nashville","NAS","Sounds","nashville_sounds.png",54298,334,152,0,1,206,58,2,0,0,0,0,"#DD052B","#19235F","#DD052B","#19235F","#FFFFFF","#AAAAAA","#DD052B","#DD052B",0,""
174,"Omaha","OMA","Storm Chasers","omaha_storm_chasers.png",57291,97,152,0,0,206,43,2,0,0,0,0,"#85714D","#002D72","#85714D","#002D72","#FFFFFF","#AAAAAA","#85714D","#85714D",0,""
175,"New Orleans","NRL","Baby Cakes","new_orleans_baby_cakes.png",55156,98,152,0,1,206,41,2,0,0,0,0,"#002D59","#FCC44F","#002D59","#FCC44F","#FFFFFF","#AAAAAA","#002D59","#002D59",0,""
176,"Buffalo","BUF","Bisons","buffalo_bisons.png",12314,99,151,0,0,206,59,2,0,0,0,0,"#001489","#BA0C2F","#001489","#BA0C2F","#FFFFFF","#AAAAAA","#001489","#001489",0,""
177,"Oklahoma City","OKL","Dodgers","oklahoma_city_dodgers.png",57035,100,152,0,0,206,45,2,0,0,0,0,"#002F6C","#A2AAAD","#002F6C","#A2AAAD","#FFFFFF","#AAAAAA","#002F6C","#002F6C",0,""
178,"Round Rock","RR","Express","round_rock_express.png",65670,101,152,0,1,206,42,2,0,0,0,0,"#002E5F","#B20933","#002E5F","#B20933","#FFFFFF","#AAAAAA","#002E5F","#002E5F",0,""
179,"San Antonio","SA","Missions","san_antonio_missions.png",69776,102,152,0,0,206,46,2,0,0,0,0,"#002E5F","#D5B079","#002E5F","#D5B079","#FFFFFF","#AAAAAA","#002E5F","#002E5F",0,""
180,"El Paso","EP","Chihuahuas","el_paso_chihuahuas.png",23176,103,152,1,1,206,53,2,0,0,0,0,"#E1B87F","#BA0C2F","#E1B87F","#BA0C2F","#FFFFFF","#AAAAAA","#E1B87F","#E1B87F",0,""
181,"Salt Lake","SL","Bees","salt_lake_bees.png",69520,104,152,1,1,206,44,2,0,0,0,0,"#F2A900","#2D2926","#F2A900","#2D2926","#FFFFFF","#AAAAAA","#F2A900","#F2A900",0,""
182,"Tacoma","TAC","Rainiers","tacoma_rainiers.png",77882,105,152,1,0,206,54,2,0,0,0,0,"#0C2340","#FFFFFF","#0C2340","#FFFFFF","#FFFFFF","#AAAAAA","#0C2340","#0C2340",0,""
183,"Fresno","FRE","Grizzlies","fresno_grizzlies.png",24787,106,152,1,0,206,60,2,0,0,0,0,"#1D1D1D","#D0043C","#1D1D1D","#D0043C","#FFFFFF","#AAAAAA","#1D1D1D","#1D1D1D",0,""
184,"Albuquerque","ABQ","Isotopes","albuquerque_isotopes.png",1405,107,152,1,1,206,39,2,0,0,0,0,"#BA0C2F","#FEDB00","#BA0C2F","#FEDB00","#FFFFFF","#AAAAAA","#BA0C2F","#BA0C2F",0,""
185,"Sacramento","SAC","River Cats","sacramento_river_cats.png",67700,108,152,1,0,206,55,2,0,0,0,0,"#990A2C","#0053A1","#990A2C","#0053A1","#FFFFFF","#AAAAAA","#990A2C","#990A2C",0,""
186,"Reno","REN","Aces","reno_aces.png",66889,109,152,1,0,206,31,2,0,0,0,0,"#0C2340","#FFFFFF","#0C2340","#FFFFFF","#FFFFFF","#AAAAAA","#0C2340","#0C2340",0,""
187,"Binghamton","BIN","Rumble Ponies","binghamton_rumble_ponies.png",9591,110,153,0,0,206,49,3,0,0,0,0,"#002D59","#D0043C","#002D59","#D0043C","#FFFFFF","#AAAAAA","#002D59","#002D59",0,""
188,"Hartford","HAR","Yard Goats","hartford_yard_goats.png",30805,385,153,0,0,206,39,3,0,0,0,0,"#004387","#009353","#004387","#009353","#FFFFFF","#AAAAAA","#004387","#004387",0,""
189,"New Hampshire","NHA","Fisher Cats","new_hampshire_fisher_cats.png",47541,112,153,0,0,206,59,3,0,0,0,0,"#0C2340","#C8102E","#0C2340","#C8102E","#FFFFFF","#AAAAAA","#0C2340","#0C2340",0,""
190,"Richmond","RCH","Flying Squirrels","richmond_flying_squirrels.png",64151,113,153,0,1,206,55,3,0,0,0,0,"#BA0C2F","#A7A8AA","#BA0C2F","#A7A8AA","#FFFFFF","#AAAAAA","#BA0C2F","#BA0C2F",0,""
191,"Portland","POR","Sea Dogs","portland_sea_dogs.png",60507,114,153,0,0,206,34,3,0,0,0,0,"#C8102E","#F1B434","#C8102E","#F1B434","#FFFFFF","#AAAAAA","#C8102E","#C8102E",0,""
192,"Trenton","TRE","Thunder","trenton_thunder.png",81062,115,153,0,0,206,48,3,0,0,0,0,"#FFB81C","#003DA5","#FFB81C","#003DA5","#FFFFFF","#AAAAAA","#FFB81C","#FFB81C",0,""
193,"Akron","AKR","RubberDucks","akron_rubberducks.png",849,116,153,0,1,206,38,3,0,0,0,0,"#0072CE","#FFD100","#0072CE","#FFD100","#FFFFFF","#AAAAAA","#0072CE","#0072CE",0,""
194,"Altoona","ALT","Curve","altoona_curve.png",2406,117,153,0,1,206,52,3,0,0,0,0,"#A4343A","#9E652E","#A4343A","#9E652E","#FFFFFF","#AAAAAA","#A4343A","#A4343A",0,""
195,"Bowie","BOW","Baysox","bowie_baysox.png",11164,118,153,0,1,206,33,3,0,0,0,0,"#FC4C02","#2D2926","#FC4C02","#2D2926","#FFFFFF","#AAAAAA","#FC4C02","#FC4C02",0,""
196,"Erie","ERI","SeaWolves","erie_seawolves.png",23889,119,153,0,1,206,40,3,0,0,0,0,"#BA0C2F","#2D2926","#BA0C2F","#2D2926","#FFFFFF","#AAAAAA","#BA0C2F","#BA0C2F",0,""
197,"Harrisburg","HAR","Senators","harrisburg_senators.png",30756,120,153,0,1,206,60,3,0,0,0,0,"#B3A369","#BA0C2F","#B3A369","#BA0C2F","#FFFFFF","#AAAAAA","#B3A369","#B3A369",0,""
198,"Reading","REA","Fightin Phils","reading_fightin_phils.png",65266,121,153,0,0,206,51,3,0,0,0,0,"#D0043C","#002E5F","#D0043C","#002E5F","#FFFFFF","#AAAAAA","#D0043C","#D0043C",0,""
199,"Jacksonville","JAX","Jumbo Shrimp","jacksonville_jumbo_shrimp.png",34776,122,154,0,1,206,41,3,0,0,0,0,"#002E5F","#E73137","#002E5F","#E73137","#FFFFFF","#AAAAAA","#002E5F","#002E5F",0,""
200,"Pensacola","PEN","Blue Wahoos","pensacola_blue_wahoos.png",63622,388,154,0,1,206,47,3,0,0,0,0,"#041E42","#CE0058","#041E42","#CE0058","#FFFFFF","#AAAAAA","#041E42","#041E42",0,""
201,"Biloxi","BIL","Shuckers","biloxi_shuckers.png",9528,124,154,0,1,206,46,3,0,0,0,0,"#003DA5","#9EA2A2","#003DA5","#9EA2A2","#FFFFFF","#AAAAAA","#003DA5","#003DA5",0,""
202,"Tennessee","TEN","Smokies","tennessee_smokies.png",39092,125,154,0,0,206,36,3,0,0,0,0,"#7DA1C4","#C6AA76","#7DA1C4","#C6AA76","#FFFFFF","#AAAAAA","#7DA1C4","#7DA1C4",0,""
203,"Jackson","JAC","Generals","jackson_generals.png",34758,126,154,0,0,206,31,3,0,0,0,0,"#2D2926","#FFFFFF","#2D2926","#FFFFFF","#FFFFFF","#AAAAAA","#2D2926","#2D2926",0,""
204,"Birmingham","BIR","Barons","birmingham_barons.png",9691,127,154,0,0,206,35,3,0,0,0,0,"#BF0D3E","#FFFFFF","#BF0D3E","#FFFFFF","#FFFFFF","#AAAAAA","#BF0D3E","#BF0D3E",0,""
205,"Mississippi","MIS","Braves","mississippi_braves.png",63362,128,154,0,1,206,32,3,0,0,0,0,"#BA0C2F","#EAAA00","#BA0C2F","#EAAA00","#FFFFFF","#AAAAAA","#BA0C2F","#BA0C2F",0,""
206,"Mobile","MOB","BayBears","mobile_baybears.png",50908,129,154,0,1,206,44,3,0,0,0,0,"#DFD1A7","#0C2340","#DFD1A7","#0C2340","#FFFFFF","#AAAAAA","#DFD1A7","#DFD1A7",0,""
207,"Montgomery","MON","Biscuits","montgomery_biscuits.png",51547,130,154,0,0,206,57,3,0,0,0,0,"#EAAA00","#13294B","#EAAA00","#13294B","#FFFFFF","#AAAAAA","#EAAA00","#EAAA00",0,""
208,"Chattanooga","CHT","Lookouts","chattanooga_lookouts.png",19029,131,154,0,0,206,37,3,0,0,0,0,"#E72F35","#DFE0E0","#E72F35","#DFE0E0","#FFFFFF","#AAAAAA","#E72F35","#E72F35",0,""
209,"Arkansas","ARK","Travelers","arkansas_travelers.png",56158,132,155,0,0,206,54,3,0,0,0,0,"#BA0C2F","#C1C6C8","#BA0C2F","#C1C6C8","#FFFFFF","#AAAAAA","#BA0C2F","#BA0C2F",0,""
210,"Springfield","SPF","Cardinals","springfield_cardinals.png",75711,133,155,0,0,206,56,3,0,0,0,0,"#BA0C2F","#FEDB00","#BA0C2F","#FEDB00","#FFFFFF","#AAAAAA","#BA0C2F","#BA0C2F",0,""
211,"Tulsa","TUL","Drillers","tulsa_drillers.png",81568,134,155,0,0,206,45,3,0,0,0,0,"#707372","#24135F","#707372","#24135F","#FFFFFF","#AAAAAA","#707372","#707372",0,""
212,"Northwest Arkansas","NWA","Naturals","northwest_arkansas_naturals.png",75698,135,155,0,0,206,43,3,0,0,0,0,"#8A1538","#C69214","#8A1538","#C69214","#FFFFFF","#AAAAAA","#8A1538","#8A1538",0,""
213,"Frisco","FRI","RoughRiders","frisco_roughriders.png",24713,136,155,0,1,206,58,3,0,0,0,0,"#C8102E","#C1C6C8","#C8102E","#C1C6C8","#FFFFFF","#AAAAAA","#C8102E","#C8102E",0,""
214,"Midland","MID","RockHounds","midland_rockhounds.png",50143,137,155,0,1,206,50,3,0,0,0,0,"#E57200","#004C97","#E57200","#004C97","#FFFFFF","#AAAAAA","#E57200","#E57200",0,""
215,"Amarillo","AMA","Sod Poodles","amarillo_sod_poodles.png",2539,138,155,0,1,206,53,3,0,0,0,0,"#003B75","#009DDE","#003B75","#009DDE","#FFFFFF","#AAAAAA","#003B75","#003B75",0,""
216,"Corpus Christi","CC","Hooks","corpus_christi_hooks.png",15185,139,155,0,1,206,42,3,0,0,0,0,"#0C2340","#418FDE","#0C2340","#418FDE","#FFFFFF","#AAAAAA","#0C2340","#0C2340",0,""
218,"Modesto","MOD","Nuts","modesto_nuts.png",50945,141,156,0,0,206,54,4,0,0,0,0,"#9D2235","#9E652E","#9D2235","#9E652E","#FFFFFF","#AAAAAA","#9D2235","#9D2235",0,""
219,"San Jose","SJO","Giants","san_jose_giants.png",70210,142,156,0,0,206,55,4,0,0,0,0,"#FA4616","#2D2926","#FA4616","#2D2926","#FFFFFF","#AAAAAA","#FA4616","#FA4616",0,""
220,"Stockton","STO","Ports","stockton_ports.png",76303,143,156,0,0,206,50,4,0,0,0,0,"#171C8F","#C8102E","#171C8F","#C8102E","#FFFFFF","#AAAAAA","#171C8F","#171C8F",0,""
221,"Visalia","VIS","Rawhide","visalia_rawhide.png",82987,144,156,0,0,206,31,4,0,0,0,0,"#B9975B","#2D2926","#B9975B","#2D2926","#FFFFFF","#AAAAAA","#B9975B","#B9975B",0,""
223,"Inland Empire","INL","66ers","inland_empire_66ers.png",69824,146,156,0,1,206,44,4,0,0,0,0,"#7B7A76","#EE712A","#7B7A76","#EE712A","#FFFFFF","#AAAAAA","#7B7A76","#7B7A76",0,""
224,"Lake Elsinore","LAK","Storm","lake_elsinore_storm.png",43203,147,156,0,1,206,53,4,0,0,0,0,"#2D2926","#E4002B","#2D2926","#E4002B","#FFFFFF","#AAAAAA","#2D2926","#2D2926",0,""
225,"Salem","SAL","Red Sox","salem_red_sox.png",69395,148,157,0,0,206,34,4,0,0,0,0,"#C8102E","#BBC7D6","#C8102E","#BBC7D6","#FFFFFF","#AAAAAA","#C8102E","#C8102E",0,""
226,"Rancho Cucamonga","RAN","Quakes","rancho_cucamonga_quakes.png",64993,149,156,0,1,206,45,4,0,0,0,0,"#B9975B","#002D72","#B9975B","#002D72","#FFFFFF","#AAAAAA","#B9975B","#B9975B",0,""
227,"Frederick","FRE","Keys","frederick_keys.png",24887,150,157,0,0,206,33,4,0,0,0,0,"#FC4C02","#2D2926","#FC4C02","#2D2926","#FFFFFF","#AAAAAA","#FC4C02","#FC4C02",0,""
228,"Bradenton","BRA","Marauders","bradenton_marauders.png",11283,44,158,0,1,206,52,4,0,0,0,0,"#FFC72C","#2D2926","#FFC72C","#2D2926","#FFFFFF","#AAAAAA","#FFC72C","#FFC72C",0,""
229,"Potomac","POT","Nationals","potomac_nationals.png",86616,152,157,0,0,206,60,4,0,0,0,0,"#041E42","#BA0C2F","#041E42","#BA0C2F","#FFFFFF","#AAAAAA","#041E42","#041E42",0,""
230,"Wilmington","WIL","Blue Rocks","wilmington_blue_rocks.png",87008,153,157,0,0,206,43,4,0,0,0,0,"#A6C7EA","#002E5F","#A6C7EA","#002E5F","#FFFFFF","#AAAAAA","#A6C7EA","#A6C7EA",0,""
231,"Carolina","CAR","Mudcats","carolina_mudcats.png",89559,123,157,0,1,206,46,4,0,0,0,0,"#E4002B","#898D8D","#E4002B","#898D8D","#FFFFFF","#AAAAAA","#E4002B","#E4002B",0,""
232,"Myrtle Beach","MYR","Pelicans","myrtle_beach_pelicans.png",52862,155,157,0,1,206,36,4,0,0,0,0,"#0072CE","#FFC72C","#0072CE","#FFC72C","#FFFFFF","#AAAAAA","#0072CE","#0072CE",0,""
233,"Lancaster","LAN","JetHawks","lancaster_jethawks.png",43525,156,156,0,1,206,39,4,0,0,0,0,"#9D2235","#B9975B","#9D2235","#B9975B","#FFFFFF","#AAAAAA","#9D2235","#9D2235",0,""
234,"Winston-Salem","WS","Dash","winston-salem_dash.png",86841,157,157,0,1,206,35,4,0,0,0,0,"#5C068C","#FFFFFF","#5C068C","#FFFFFF","#FFFFFF","#AAAAAA","#5C068C","#5C068C",0,""
236,"Daytona","DAY","Tortugas","daytona_tortugas.png",22245,159,158,0,0,206,37,4,0,0,0,0,"#004E42","#8BB8E8","#004E42","#8BB8E8","#FFFFFF","#AAAAAA","#004E42","#004E42",0,""
237,"Jupiter","JUP","Hammerheads","jupiter_hammerheads.png",35822,160,158,0,1,206,41,4,0,0,0,0,"#009CA6","#7C878E","#009CA6","#7C878E","#FFFFFF","#AAAAAA","#009CA6","#009CA6",0,""
238,"Palm Beach","PAL","Cardinals","palm_beach_cardinals.png",35822,160,158,0,1,206,56,4,0,0,0,0,"#BA0C2F","#FFFFFF","#BA0C2F","#FFFFFF","#FFFFFF","#AAAAAA","#BA0C2F","#BA0C2F",0,""
239,"St. Lucie","SLC","Mets","st_lucie_mets.png",60444,161,158,0,1,206,49,4,0,0,0,0,"#EF7723","#004587","#EF7723","#004587","#FFFFFF","#AAAAAA","#EF7723","#EF7723",0,""
240,"Charlotte","CHR","Stone Crabs","charlotte_stone_crabs.png",60385,162,158,0,1,206,57,4,0,0,0,0,"#69B3E7","#FFFFFF","#69B3E7","#FFFFFF","#FFFFFF","#AAAAAA","#69B3E7","#69B3E7",0,""
241,"Clearwater","CLE","Threshers","clearwater_threshers.png",14038,163,158,0,0,206,51,4,0,0,0,0,"#BA0C2F","#236192","#BA0C2F","#236192","#FFFFFF","#AAAAAA","#BA0C2F","#BA0C2F",0,""
242,"Dunedin","DUN","Blue Jays","dunedin_blue_jays.png",19593,164,158,0,0,206,59,4,0,0,0,0,"#003DA5","#FFFFFF","#003DA5","#FFFFFF","#FFFFFF","#AAAAAA","#003DA5","#003DA5",0,""
243,"Fort Myers","FMY","Miracle","fort_myers_miracle.png",25182,165,158,0,1,206,47,4,0,0,0,0,"#BA0C2F","#009A44","#BA0C2F","#009A44","#FFFFFF","#AAAAAA","#BA0C2F","#BA0C2F",0,""
244,"Lakeland","LAK","Flying Tigers","lakeland_flying_tigers.png",43308,166,158,0,0,206,40,4,0,0,0,0,"#0C2340","#B94700","#0C2340","#B94700","#FFFFFF","#AAAAAA","#0C2340","#0C2340",0,""
245,"Lynchburg","LYN","Hillcats","lynchburg_hillcats.png",41130,151,157,0,0,206,38,4,0,0,0,0,"#20372A","#FDC82F","#20372A","#20372A","#EBEBEB","#EBEBEB","#20372A","#20372A",0,""
246,"Tampa","TAM","Tarpons","tampa_tarpons.png",78373,167,158,0,0,206,48,4,0,0,0,0,"#002848","#0092D4","#002848","#0092D4","#FFFFFF","#AAAAAA","#002848","#002848",0,""
247,"Great Lakes","GLK","Loons","great_lakes_loons.png",50141,168,159,0,0,206,45,4,0,0,0,0,"#00684A","#C3C4C5","#00684A","#C3C4C5","#FFFFFF","#AAAAAA","#00684A","#00684A",0,""
248,"Dayton","DAY","Dragons","dayton_dragons.png",22234,93,159,0,0,206,37,4,0,0,0,0,"#2D2926","#007A33","#2D2926","#007A33","#FFFFFF","#AAAAAA","#2D2926","#2D2926",0,""
249,"Fort Wayne","FWA","TinCaps","fort_wayne_tincaps.png",25148,170,159,0,0,206,53,4,0,0,0,0,"#B1B3B3","#2C5234","#B1B3B3","#2C5234","#FFFFFF","#AAAAAA","#B1B3B3","#B1B3B3",0,""
250,"Lansing","LAN","Lugnuts","lansing_lugnuts.png",43746,171,159,0,0,206,59,4,0,0,0,0,"#DD052B","#D1D7DA","#DD052B","#D1D7DA","#FFFFFF","#AAAAAA","#DD052B","#DD052B",0,""
251,"South Bend","SBE","Cubs","south_bend_cubs.png",75295,172,159,0,0,206,36,4,0,0,0,0,"#C8102E","#002F6C","#C8102E","#002F6C","#FFFFFF","#AAAAAA","#C8102E","#C8102E",0,""
252,"West Michigan","WMI","Whitecaps","west_michigan_whitecaps.png",29499,173,159,0,0,206,40,4,0,0,0,0,"#69B3E7","#0C2340","#69B3E7","#0C2340","#FFFFFF","#AAAAAA","#69B3E7","#69B3E7",0,""
253,"Beloit","BEL","Snappers","beloit_snappers.png",8435,174,159,0,1,206,50,4,0,0,0,0,"#43B02A","#0C2340","#43B02A","#0C2340","#FFFFFF","#AAAAAA","#43B02A","#43B02A",0,""
254,"Burlington","BUR","Bees","burlington_bees.png",12717,175,159,0,1,206,44,4,0,0,0,0,"#FFB81C","#0C2340","#FFB81C","#0C2340","#FFFFFF","#AAAAAA","#FFB81C","#FFB81C",0,""
255,"Cedar Rapids","CER","Kernels","cedar_rapids_kernels.png",18112,176,159,0,1,206,47,4,0,0,0,0,"#009A44","#FFC72C","#009A44","#FFC72C","#FFFFFF","#AAAAAA","#009A44","#009A44",0,""
256,"Hickory","HIC","Crawdads","hickory_crawdads.png",31732,177,160,0,0,206,58,4,0,0,0,0,"#E2011C","#7DAEDE","#E2011C","#7DAEDE","#FFFFFF","#AAAAAA","#E2011C","#E2011C",0,""
257,"Kane County","KAN","Cougars","kane_county_cougars.png",28145,178,159,0,1,206,31,4,0,0,0,0,"#17253E","#D1AE74","#17253E","#D1AE74","#FFFFFF","#AAAAAA","#17253E","#17253E",0,""
258,"Peoria","PEO","Chiefs","peoria_chiefs.png",63645,179,159,0,1,206,56,4,0,0,0,0,"#BA0C2F","#F3D03E","#BA0C2F","#F3D03E","#FFFFFF","#AAAAAA","#BA0C2F","#BA0C2F",0,""
259,"Quad Cities","QUC","River Bandits","quad_cities_river_bandits.png",22160,180,159,0,1,206,42,4,0,0,0,0,"#2D2926","#9D2235","#2D2926","#9D2235","#FFFFFF","#AAAAAA","#2D2926","#2D2926",0,""
260,"Clinton","CLI","LumberKings","clinton_lumberkings.png",14121,181,159,0,1,206,41,4,0,0,0,0,"#00843D","#FFFFFF","#00843D","#FFFFFF","#FFFFFF","#AAAAAA","#00843D","#00843D",0,""
261,"Delmarva","DEL","Shorebirds","delmarva_shorebirds.png",69468,182,160,0,0,206,33,4,0,0,0,0,"#8A8D8F","#F9423A","#8A8D8F","#F9423A","#FFFFFF","#AAAAAA","#8A8D8F","#8A8D8F",0,""
262,"Hagerstown","HAG","Suns","hagerstown_suns.png",30250,183,160,0,0,206,60,4,0,0,0,0,"#FA4616","#FFFFFF","#FA4616","#FFFFFF","#FFFFFF","#AAAAAA","#FA4616","#FA4616",0,""
263,"West Virginia","WVA","Power","west_virginia_power.png",18931,184,160,0,0,206,54,4,0,0,0,0,"#FFD300","#C09400","#FFD300","#C09400","#FFFFFF","#AAAAAA","#FFD300","#FFD300",0,""
264,"Lake County","LCO","Captains","lake_county_captains.png",22564,185,159,0,0,206,38,4,0,0,0,0,"#041C2C","#B9975B","#041C2C","#B9975B","#FFFFFF","#AAAAAA","#041C2C","#041C2C",0,""
265,"Lakewood","LAK","BlueClaws","lakewood_blueclaws.png",43345,186,160,0,0,206,51,4,0,0,0,0,"#69B3E7","#0C2340","#69B3E7","#0C2340","#FFFFFF","#AAAAAA","#69B3E7","#69B3E7",0,""
266,"Lexington","LEX","Legends","lexington_legends.png",45184,187,160,0,1,206,43,4,0,0,0,0,"#009A44","#003087","#009A44","#003087","#FFFFFF","#AAAAAA","#009A44","#009A44",0,""
267,"Wisconsin","WIS","Timber Rattlers","wisconsin_timber_rattlers.png",29482,188,159,0,1,206,46,4,0,0,0,0,"#870337","#D1D7DA","#870337","#D1D7DA","#FFFFFF","#AAAAAA","#870337","#870337",0,""
268,"Greensboro","GRE","Grasshoppers","greensboro_grasshoppers.png",29752,189,160,0,0,206,52,4,0,0,0,0,"#154734","#D86018","#154734","#D86018","#FFFFFF","#AAAAAA","#154734","#154734",0,""
269,"Asheville","ASH","Tourists","asheville_tourists.png",4411,190,160,0,1,206,39,4,0,0,0,0,"#0C2340","#FFFFFF","#0C2340","#FFFFFF","#FFFFFF","#AAAAAA","#0C2340","#0C2340",0,""
270,"Augusta","AUG","GreenJackets","augusta_greenjackets.png",4889,191,160,0,1,206,55,4,0,0,0,0,"#00795D","#1D1D1D","#00795D","#1D1D1D","#FFFFFF","#AAAAAA","#00795D","#00795D",0,""
271,"Greenville","GRB","Drive","greenville_drive.png",29773,192,160,0,1,206,34,4,0,0,0,0,"#E4002B","#FFFFFF","#E4002B","#FFFFFF","#FFFFFF","#AAAAAA","#E4002B","#E4002B",0,""
272,"Charleston","CHA","RiverDogs","charleston_riverdogs.png",18926,193,160,0,1,206,48,4,0,0,0,0,"#002647","#FBB900","#002647","#FBB900","#FFFFFF","#AAAAAA","#002647","#002647",0,""
273,"Bowling Green","BGN","Hot Rods","bowling_green_hot_rods.png",11168,194,159,0,0,206,57,4,0,0,0,0,"#17253E","#EB610D","#17253E","#EB610D","#FFFFFF","#AAAAAA","#17253E","#17253E",0,""
274,"Kannapolis","KAN","Intimidators","kannapolis_intimidators.png",36907,195,160,0,0,206,35,4,0,0,0,0,"#DA291C","#C8C9C7","#DA291C","#C8C9C7","#FFFFFF","#AAAAAA","#DA291C","#DA291C",0,""
275,"Rome","ROM","Braves","rome_braves.png",66217,196,160,0,1,206,32,4,0,0,0,0,"#BA0C2F","#97999B","#BA0C2F","#97999B","#FFFFFF","#AAAAAA","#BA0C2F","#BA0C2F",0,""
276,"Columbia","COL","Fireflies","columbia_fireflies.png",14600,197,160,0,1,206,49,4,0,0,0,0,"#002C5A","#CAD100","#002C5A","#CAD100","#FFFFFF","#AAAAAA","#002C5A","#002C5A",0,""
277,"Aberdeen","ABE","Ironbirds","aberdeen_ironbirds.png",374,198,161,0,0,206,33,5,0,0,0,0,"#003087","#FE5000","#003087","#FE5000","#FFFFFF","#AAAAAA","#003087","#003087",0,""
278,"Brooklyn","BRO","Cyclones","brooklyn_cyclones.png",12985,199,161,0,0,206,49,5,0,0,0,0,"#D50032","#FFC72C","#D50032","#FFC72C","#FFFFFF","#AAAAAA","#D50032","#D50032",0,""
279,"Hudson Valley","HUD","Renegades","hudson_valley_renegades.png",25676,200,161,0,0,206,57,5,0,0,0,0,"#0092D4","#1B272C","#0092D4","#1B272C","#FFFFFF","#AAAAAA","#0092D4","#0092D4",0,""
280,"Staten Island","STI","Yankees","staten_island_yankees.png",67138,201,161,0,0,206,48,5,0,0,0,0,"#A2AAAD","#0C2340","#A2AAAD","#0C2340","#FFFFFF","#AAAAAA","#A2AAAD","#A2AAAD",0,""
281,"Auburn","AUB","Doubledays","auburn_doubledays.png",4830,202,161,0,1,206,60,5,0,0,0,0,"#003594","#A7A8AA","#003594","#A7A8AA","#FFFFFF","#AAAAAA","#003594","#003594",0,""
282,"Batavia","BAT","Muckdogs","batavia_muckdogs.png",7560,203,161,0,1,206,41,5,0,0,0,0,"#2D2926","#E89CAE","#2D2926","#E89CAE","#FFFFFF","#AAAAAA","#2D2926","#2D2926",0,""
283,"West Virginia","WV","Black Bears","west_virginia_black_bears.png",51839,249,161,0,1,206,52,5,0,0,0,0,"#1A1A18","#F7A800","#1A1A18","#F7A800","#FFFFFF","#AAAAAA","#1A1A18","#1A1A18",0,""
284,"Mahoning Valley","MAH","Scrappers","mahoning_valley_scrappers.png",55643,204,161,0,1,206,38,5,0,0,0,0,"#7C878E","#862633","#7C878E","#862633","#FFFFFF","#AAAAAA","#7C878E","#7C878E",0,""
285,"State College","STC","Spikes","state_college_spikes.png",76053,205,161,0,1,206,56,5,0,0,0,0,"#C69214","#C8102E","#C69214","#C8102E","#FFFFFF","#AAAAAA","#C69214","#C69214",0,""
286,"Williamsport","WIL","Crosscutters","williamsport_crosscutters.png",87064,206,161,0,1,206,51,5,0,0,0,0,"#A7A8AA","#C6893F","#A7A8AA","#C6893F","#FFFFFF","#AAAAAA","#A7A8AA","#A7A8AA",0,""
287,"Lowell","LOW","Spinners","lowell_spinners.png",41636,207,161,0,2,206,34,5,0,0,0,0,"#1C284A","#007033","#1C284A","#007033","#FFFFFF","#AAAAAA","#1C284A","#1C284A",0,""
288,"Connecticut","CON","Tigers","connecticut_tigers.png",56326,208,161,0,2,206,40,5,0,0,0,0,"#0C2340","#FA4616","#0C2340","#FA4616","#FFFFFF","#AAAAAA","#0C2340","#0C2340",0,""
289,"Tri-City","TRI","ValleyCats","tri-city_valleycats.png",81264,209,161,0,2,206,42,5,0,0,0,0,"#C8102E","#A2AAAD","#C8102E","#A2AAAD","#FFFFFF","#AAAAAA","#C8102E","#C8102E",0,""
290,"Vermont","VER","Lake Monsters","vermont_lake_monsters.png",12721,210,161,0,2,206,50,5,0,0,0,0,"#78BE20","#041E42","#78BE20","#041E42","#FFFFFF","#AAAAAA","#78BE20","#78BE20",0,""
291,"Boise","BOI","Hawks","boise_hawks.png",10388,211,162,0,1,206,39,5,0,0,0,0,"#034638","#A4343A","#034638","#A4343A","#FFFFFF","#AAAAAA","#034638","#034638",0,""
292,"Spokane","SPO","Indians","spokane_indians.png",75641,212,162,0,0,206,58,5,0,0,0,0,"#BA0C2F","#F3CFB3","#BA0C2F","#F3CFB3","#FFFFFF","#AAAAAA","#BA0C2F","#BA0C2F",0,""
293,"Tri-City","TRC","Dust Devils","tri-city_dust_devils.png",63028,213,162,0,0,206,53,5,0,0,0,0,"#84754E","#1B365D","#84754E","#1B365D","#FFFFFF","#AAAAAA","#84754E","#84754E",0,""
294,"Hillsboro","HIL","Hops","hillsboro_hops.png",31888,214,162,0,1,206,31,5,0,0,0,0,"#041C2C","#FFFFFF","#041C2C","#FFFFFF","#FFFFFF","#AAAAAA","#041C2C","#041C2C",0,""
295,"Eugene","EUG","Emeralds","eugene_emeralds.png",24267,215,162,0,1,206,36,5,0,0,0,0,"#44D62C","#2D2926","#44D62C","#2D2926","#FFFFFF","#AAAAAA","#44D62C","#44D62C",0,""
296,"Everett","EVE","AquaSox","everett_aquasox.png",24329,216,162,0,0,206,54,5,0,0,0,0,"#041E42","#CEDC00","#041E42","#CEDC00","#FFFFFF","#AAAAAA","#041E42","#041E42",0,""
297,"Salem-Keizer","SKE","Volcanoes","salem-keizer_volcanoes.png",37682,217,162,0,1,206,55,5,0,0,0,0,"#D22630","#A7A8AA","#D22630","#A7A8AA","#FFFFFF","#AAAAAA","#D22630","#D22630",0,""
298,"Vancouver","VAN","Canadians","vancouver_canadians.png",84104,218,162,0,0,36,59,5,0,0,0,0,"#D50032","#FFFFFF","#D50032","#FFFFFF","#FFFFFF","#AAAAAA","#D50032","#D50032",0,""
299,"Bluefield","BLU","Blue Jays","bluefield_blue_jays.png",10112,219,163,0,0,206,59,6,0,0,0,0,"#003DA5","#FFFFFF","#003DA5","#FFFFFF","#FFFFFF","#AAAAAA","#003DA5","#003DA5",0,""
300,"Burlington","BUR","Royals","burlington_royals.png",12722,220,163,0,0,206,43,6,0,0,0,0,"#002D72","#85714D","#002D72","#85714D","#FFFFFF","#AAAAAA","#002D72","#002D72",0,""
301,"Danville","DAN","Braves","danville_braves.png",21958,221,163,0,0,206,32,6,0,0,0,0,"#002855","#BA0C2F","#002855","#BA0C2F","#FFFFFF","#AAAAAA","#002855","#002855",0,""
302,"Pulaski","PUL","Yankees","pulaski_yankees.png",61426,222,163,0,0,206,48,6,0,0,0,0,"#002A58","#E62E35","#002A58","#E62E35","#FFFFFF","#AAAAAA","#002A58","#002A58",0,""
303,"Princeton","PRI","Rays","princeton_rays.png",61024,223,163,0,0,206,57,6,0,0,0,0,"#041E42","#FFCD00","#041E42","#FFCD00","#FFFFFF","#AAAAAA","#041E42","#041E42",0,""
304,"Greeneville","GRE","Reds","greeneville_reds.png",29730,224,163,0,1,206,37,6,0,0,0,0,"#C6011F","#041E42","#C6011F","#041E42","#FFFFFF","#AAAAAA","#C6011F","#C6011F",0,""
305,"Bristol","BRI","Pirates","bristol_pirates.png",11771,225,163,0,1,206,52,6,0,0,0,0,"#2D2926","#FFC72C","#2D2926","#FFC72C","#FFFFFF","#AAAAAA","#2D2926","#2D2926",0,""
306,"Elizabethton","ELI","Twins","elizabethton_twins.png",23389,226,163,0,1,206,47,6,0,0,0,0,"#A2AAAD","#BA0C2F","#A2AAAD","#BA0C2F","#FFFFFF","#AAAAAA","#A2AAAD","#A2AAAD",0,""
307,"Johnson City","JOH","Cardinals","johnson_city_cardinals.png",35558,227,163,0,1,206,56,6,0,0,0,0,"#BA0C2F","#5C88DA","#BA0C2F","#5C88DA","#FFFFFF","#AAAAAA","#BA0C2F","#BA0C2F",0,""
308,"Kingsport","KIN","Mets","kingsport_mets.png",38596,228,163,0,1,206,49,6,0,0,0,0,"#002D72","#FC4C02","#002D72","#FC4C02","#FFFFFF","#AAAAAA","#002D72","#002D72",0,""
309,"Milwaukee (AZL)","AMIG","Brewers Gold","milwaukee_(azl)_brewers_gold.png",0,229,164,0,1,206,46,6,0,0,0,0,"#0A2351","#B6922E","#0A2351","#B6922E","#FFFFFF","#AAAAAA","#0A2351","#0A2351",0,""
310,"Texas (AZL)","ATEX","Rangers","texas_(azl)_rangers.png",0,230,164,0,2,206,58,6,0,0,0,0,"#003278","#C0111F","#003278","#C0111F","#FFFFFF","#AAAAAA","#003278","#003278",0,""
312,"Chicago N (AZL)","ACH1","Cubs 1","chicago_n_(azl)_cubs_1.png",49808,231,164,0,0,206,36,6,0,0,0,0,"#004B8B","#DA052E","#004B8B","#DA052E","#FFFFFF","#AAAAAA","#004B8B","#004B8B",0,""
313,"Los Angeles A (AZL)","ALAA","Angels","los_angeles_a_(azl)_angels.png",0,232,164,0,0,206,44,6,0,0,0,0,"#BA0021","#003263","#BA0021","#003263","#FFFFFF","#AAAAAA","#BA0021","#BA0021",0,""
314,"Seattle (AZL)","ASEA","Mariners","seattle_(azl)_mariners.png",0,247,164,0,2,206,54,6,0,0,0,0,"#0C2C56","#005C5C","#0C2C56","#005C5C","#FFFFFF","#AAAAAA","#0C2C56","#0C2C56",0,""
315,"Oakland (AZL)","AOGr","Athletics Green","oakland_(azl)_athletics_green.png",0,381,164,0,0,206,50,6,0,0,0,0,"#003831","#EFB21E","#003831","#EFB21E","#FFFFFF","#AAAAAA","#003831","#003831",0,""
316,"San Francisco (AZL)","ASF2","AZL Giants Orange","san_francisco_(azl)_azl_giants_orange.png",0,233,164,0,0,206,55,6,0,0,0,0,"#EE712A","#1D1D1B","#EE712A","#1D1D1B","#FFFFFF","#AAAAAA","#EE712A","#EE712A",0,""
317,"Los Angeles N (AZL)","ALA1","Dodgers","los_angeles_n_(azl)_dodgers.png",0,401,164,0,2,206,45,6,0,0,0,0,"#005A9C","#FFFFFF","#005A9C","#FFFFFF","#FFFFFF","#AAAAAA","#005A9C","#005A9C",0,""
318,"Washington (GCL)","GWAS","Nationals","washington_(gcl)_nationals.png",0,158,165,0,2,206,60,6,0,0,0,0,"#AB0003","#11225B","#AB0003","#11225B","#FFFFFF","#AAAAAA","#AB0003","#AB0003",0,""
319,"Miami (GCL)","JUPM","Marlins","miami_(gcl)_marlins.png",0,160,165,0,2,206,41,6,0,0,0,0,"#00A3E0","#EF3340","#00A3E0","#EF3340","#FFFFFF","#AAAAAA","#00A3E0","#00A3E0",0,""
320,"St. Louis (GCL)","GSL","Cardinals","st_louis_(gcl)_cardinals.png",0,160,165,0,2,206,56,6,0,0,0,0,"#C41E3A","#000066","#C41E3A","#000066","#FFFFFF","#AAAAAA","#C41E3A","#C41E3A",0,""
322,"Atlanta (GCL)","GATL","Braves","atlanta_(gcl)_braves.png",0,234,165,0,1,206,32,6,0,0,0,0,"#002D59","#D0043C","#002D59","#D0043C","#FFFFFF","#AAAAAA","#002D59","#002D59",0,""
323,"Philadelphia E (GCL)","GPHE","Phillies East","philadelphia_e_(gcl)_phillies_east.png",0,163,165,0,1,206,51,6,0,0,0,0,"#E81828","#003278","#E81828","#003278","#FFFFFF","#AAAAAA","#E81828","#E81828",0,""
324,"Toronto (GCL)","GTOR","Blue Jays","toronto_(gcl)_blue_jays.png",0,164,165,0,0,206,59,6,0,0,0,0,"#134A8E","#E8291C","#134A8E","#E8291C","#FFFFFF","#AAAAAA","#134A8E","#134A8E",0,""
325,"Detroit E (GCL)","GDEE","Tigers East","detroit_e_(gcl)_tigers_east.png",0,166,165,0,1,206,40,6,0,0,0,0,"#0C2C56","#FF6600","#0C2C56","#FF6600","#FFFFFF","#AAAAAA","#0C2C56","#0C2C56",0,""
326,"New York A E (GCL)","GNYE","Yankees East","new_york_a_e_(gcl)_yankees_east.png",0,167,165,0,1,206,48,6,0,0,0,0,"#132448","#FFFFFF","#132448","#FFFFFF","#FFFFFF","#AAAAAA","#132448","#132448",0,""
327,"Cleveland (AZL)","ACLR","Indians Red","cleveland_(azl)_indians_red.png",0,235,164,0,1,206,38,6,0,0,0,0,"#E31937","#002B5C","#E31937","#002B5C","#FFFFFF","#AAAAAA","#E31937","#E31937",0,""
328,"Pittsburgh (GCL)","GPIT","Pirates","pittsburgh_(gcl)_pirates.png",0,236,165,0,0,206,52,6,0,0,0,0,"#FDB827","#000000","#FDB827","#000000","#FFFFFF","#AAAAAA","#FDB827","#FDB827",0,""
329,"Cincinnati (AZL)","ACIN","Reds","cincinnati_(azl)_reds.png",0,508,164,0,1,206,37,6,0,0,0,0,"#C6011F","#041E42","#C6011F","#041E42","#FFFFFF","#AAAAAA","#C6011F","#C6011F",0,""
330,"Boston (GCL)","GBOS","Red Sox","boston_(gcl)_red_sox.png",0,237,165,0,3,206,34,6,0,0,0,0,"#BD3039","#0D2B56","#BD3039","#0D2B56","#FFFFFF","#AAAAAA","#BD3039","#BD3039",0,""
331,"Minnesota (GCL)","GMIN","Twins","minnesota_(gcl)_twins.png",0,165,165,0,3,206,47,6,0,0,0,0,"#002D59","#D0043C","#002D59","#D0043C","#FFFFFF","#AAAAAA","#002D59","#002D59",0,""
332,"Baltimore (GCL)","GBAL","Orioles","baltimore_(gcl)_orioles.png",0,238,165,0,3,206,33,6,0,0,0,0,"#DF4601","#000000","#DF4601","#000000","#FFFFFF","#AAAAAA","#DF4601","#DF4601",0,""
333,"Billings","BIL","Mustangs","billings_mustangs.png",9506,239,166,0,0,206,37,6,0,0,0,0,"#DD052B","#73797C","#DD052B","#73797C","#FFFFFF","#AAAAAA","#DD052B","#DD052B",0,""
334,"Great Falls","GFA","Voyagers","great_falls_voyagers.png",29648,240,166,0,0,206,35,6,0,0,0,0,"#78BE20","#2D2926","#78BE20","#2D2926","#FFFFFF","#AAAAAA","#78BE20","#78BE20",0,""
335,"Rocky Mountain","RM","Vibes","rocky_mountain_vibes.png",14578,241,166,0,0,206,46,6,0,0,0,0,"#002E5F","#DF006E","#002E5F","#DF006E","#FFFFFF","#AAAAAA","#002E5F","#002E5F",0,""
336,"Missoula","MIS","Osprey","missoula_osprey.png",50729,242,166,0,0,206,31,6,0,0,0,0,"#2D2926","#003594","#2D2926","#003594","#FFFFFF","#AAAAAA","#2D2926","#2D2926",0,""
337,"Grand Junction","GJ","Rockies","grand_junction_rockies.png",29493,243,166,0,1,206,39,6,0,0,0,0,"#24135F","#8A8D8F","#24135F","#8A8D8F","#FFFFFF","#AAAAAA","#24135F","#24135F",0,""
338,"Idaho Falls","IDA","Chukars","idaho_falls_chukars.png",34017,244,166,0,1,206,43,6,0,0,0,0,"#8A8D8F","#861F41","#8A8D8F","#861F41","#FFFFFF","#AAAAAA","#8A8D8F","#8A8D8F",0,""
339,"Ogden","OGD","Raptors","ogden_raptors.png",56909,245,166,0,1,206,45,6,0,0,0,0,"#007482","#C0C0C1","#007482","#C0C0C1","#FFFFFF","#AAAAAA","#007482","#007482",0,""
340,"Orem","ORM","Owlz","orem_owlz.png",57580,246,166,0,1,206,44,6,0,0,0,0,"#BA0C2F","#FFB81C","#BA0C2F","#FFB81C","#FFFFFF","#AAAAAA","#BA0C2F","#BA0C2F",0,""
343,"American Conference","AC","All-Stars","american_conference_all-stars.png",0,100,152,0,0,0,0,2,0,0,0,0,"#ED1C24","#066CC6","#ED1C24","#066CC6","#FFFFFF","#AAAAAA","#ED1C24","#ED1C24",1,""
344,"Pacific Conference","PC","All-Stars","pacific_conference_all-stars.png",0,106,152,1,0,0,0,2,0,0,0,0,"#ED1C24","#066CC6","#ED1C24","#066CC6","#FFFFFF","#AAAAAA","#ED1C24","#ED1C24",1,""
345,"All-Stars","AS1","All-Stars","_all-stars.png",0,114,153,0,0,0,0,3,0,0,0,0,"#ED1C24","#066CC6","#ED1C24","#066CC6","#FFFFFF","#AAAAAA","#ED1C24","#ED1C24",1,""
346,"All-Stars","AS2","All-Stars","_all-stars.png",0,115,153,0,0,0,0,3,0,0,0,0,"#000000","#7D7E79","#000000","#000000","#FFFFFF","#FFFFFF","#000000","#7D7E79",1,""
347,"All-Stars","AS1","All-Stars","_all-stars.png",0,127,154,0,0,0,0,3,0,0,0,0,"#006AFA","#41CDE8","#006AFA","#006AFA","#FFFFFF","#FFFFFF","#006AFA","#41CDE8",1,""
348,"All-Stars","AS2","All-Stars","_all-stars.png",0,127,154,0,0,0,0,3,0,0,0,0,"#01003E","#C4000C","#01003E","#C4000C","#FDFEFE","#FDFEFE","#01003E","#C4000C",1,""
349,"All-Stars","AS1","All-Stars","_all-stars.png",0,137,155,0,0,0,0,3,0,0,0,0,"#DD0101","#000000","#DD0101","#DD0101","#DD0101","#DD0101","#000000","#000000",1,""
350,"All-Stars","AS2","All-Stars","_all-stars.png",0,135,155,0,0,0,0,3,0,0,0,0,"#1E1E9E","#FFFFFF","#1E1E9E","#1E1E9E","#1E1E9E","#1E1E9E","#FFFFFF","#FFFFFF",1,""
351,"All-Stars","AS1","All-Stars","_all-stars.png",0,144,156,0,0,0,0,4,0,0,0,0,"#DD0101","#000000","#DD0101","#DD0101","#DD0101","#DD0101","#000000","#000000",1,""
352,"All-Stars","AS2","All-Stars","_all-stars.png",0,156,156,0,0,0,0,4,0,0,0,0,"#1E1E9E","#FFFFFF","#1E1E9E","#1E1E9E","#1E1E9E","#1E1E9E","#FFFFFF","#FFFFFF",1,""
353,"All-Stars","AS1","All-Stars","_all-stars.png",0,154,157,0,0,0,0,4,0,0,0,0,"#DD0101","#000000","#DD0101","#DD0101","#DD0101","#DD0101","#000000","#000000",1,""
354,"All-Stars","AS2","All-Stars","_all-stars.png",0,148,157,0,0,0,0,4,0,0,0,0,"#1E1E9E","#FFFFFF","#1E1E9E","#1E1E9E","#1E1E9E","#1E1E9E","#FFFFFF","#FFFFFF",1,""
355,"All-Stars","AS1","All-Stars","_all-stars.png",0,160,158,0,0,0,0,4,0,0,0,0,"#C3011C","#000400","#C3011C","#000400","#FFFFFF","#FFFFFF","#C3011C","#C3011C",1,""
356,"All-Stars","AS2","All-Stars","_all-stars.png",0,162,158,0,0,0,0,4,0,0,0,0,"#E60A0A","#FFFFFF","#E60A0A","#E60A0A","#FFFFFF","#FFFFFF","#E60A0A","#E60A0A",1,""
357,"All-Stars","AS1","All-Stars","_all-stars.png",0,168,159,0,0,0,0,4,0,0,0,0,"#FFCD10","#000000","#FFCD10","#000000","#FFFFFF","#FFFFFF","#FFCD10","#FFCD10",1,""
358,"All-Stars","AS2","All-Stars","_all-stars.png",0,178,159,0,0,0,0,4,0,0,0,0,"#FDDF1E","#D63328","#FDDF1E","#D63328","#FFFFFF","#FFFFFF","#FDDF1E","#FDDF1E",1,""
359,"All-Stars","AS1","All-Stars","_all-stars.png",0,191,160,0,0,0,0,4,0,0,0,0,"#DD0101","#000000","#DD0101","#DD0101","#DD0101","#DD0101","#000000","#000000",1,""
360,"All-Stars","AS2","All-Stars","_all-stars.png",0,186,160,0,0,0,0,4,0,0,0,0,"#1E1E9E","#FFFFFF","#1E1E9E","#1E1E9E","#1E1E9E","#1E1E9E","#FFFFFF","#FFFFFF",1,""
361,"San Diego (AZL)","ASD1","Padres 1","san_diego_(azl)_padres_1.png",0,247,164,0,2,206,53,6,0,0,0,0,"#05143F","#FDB726","#05143F","#FDB726","#FFFFFF","#AAAAAA","#05143F","#05143F",0,""
403,"Houston (GCL)","GHOU","Astros","houston_(gcl)_astros.png",0,480,165,0,2,206,42,6,0,0,0,0,"#002D62","#EB6E1F","#002D62","#EB6E1F","#FFFFFF","#AAAAAA","#002D62","#002D62",0,""
404,"Tampa Bay (GCL)","GTB","Rays","tampa_bay_(gcl)_rays.png",0,162,165,0,3,206,57,6,0,0,0,0,"#092C5C","#8FBCE6","#092C5C","#8FBCE6","#FFFFFF","#AAAAAA","#092C5C","#092C5C",0,""
405,"Arizona (AZL)","AARI","Diamondbacks","arizona_(azl)_diamondbacks.png",0,1,164,0,0,206,31,6,0,0,0,0,"#A71930","#000000","#A71930","#000000","#FFFFFF","#AAAAAA","#A71930","#A71930",0,""
406,"New York N (GCL)","PSL","Mets","new_york_n_(gcl)_mets.png",0,161,165,0,2,206,49,6,0,0,0,0,"#002D72","#FF5910","#002D72","#FF5910","#FFFFFF","#AAAAAA","#002D72","#002D72",0,""
408,"New York A W (GCL)","GNYW","Yankees West","new_york_a_w_(gcl)_yankees_west.png",0,167,165,0,0,206,48,6,0,0,0,0,"#132448","#FFFFFF","#132448","#FFFFFF","#FFFFFF","#AAAAAA","#132448","#132448",0,""
409,"All-Stars","AS1","All-Stars","_all-stars.png",0,215,162,0,0,0,0,5,0,0,0,0,"#DD0101","#000000","#DD0101","#DD0101","#DD0101","#DD0101","#000000","#000000",1,""
410,"All-Stars","AS2","All-Stars","_all-stars.png",0,214,162,0,0,0,0,5,0,0,0,0,"#1E1E9E","#FFFFFF","#1E1E9E","#1E1E9E","#1E1E9E","#1E1E9E","#FFFFFF","#FFFFFF",1,""
584,"Boston (DSL)","RSo1","Red Sox 1","boston_(dsl)_red_sox_1.png",0,5,177,0,2,56,34,6,0,0,0,0,"#BD3039","#0D2B56","#BD3039","#0D2B56","#FFFFFF","#AAAAAA","#BD3039","#BD3039",0,""
585,"Texas (DSL)","Ran1","Rangers 1","texas_(dsl)_rangers_1.png",0,6,177,0,1,56,58,6,0,0,0,0,"#003278","#C0111F","#003278","#C0111F","#FFFFFF","#AAAAAA","#003278","#003278",0,""
586,"Kansas City (DSL)","Roy1","Royals 1","kansas_city_(dsl)_royals_1.png",0,7,177,0,2,56,43,6,0,0,0,0,"#004687","#C09A5B","#004687","#C09A5B","#FFFFFF","#AAAAAA","#004687","#004687",0,""
587,"New York N (DSL)","Met2","Mets 2","new_york_n_(dsl)_mets_2.png",0,8,177,0,5,56,49,6,0,0,0,0,"#002D72","#FF5910","#002D72","#FF5910","#FFFFFF","#AAAAAA","#002D72","#002D72",0,""
588,"Houston (DSL)","Ast","Astros","houston_(dsl)_astros.png",0,399,177,0,2,56,42,6,0,0,0,0,"#002D62","#EB6E1F","#002D62","#EB6E1F","#FFFFFF","#AAAAAA","#002D62","#002D62",0,""
589,"Seattle (DSL)","Mari","Mariners","seattle_(dsl)_mariners.png",0,10,177,0,3,56,54,6,0,0,0,0,"#0C2C56","#005C5C","#0C2C56","#005C5C","#FFFFFF","#AAAAAA","#0C2C56","#0C2C56",0,""
590,"San Francisco (DSL)","Gian","Giants","san_francisco_(dsl)_giants.png",0,11,177,0,3,56,55,6,0,0,0,0,"#EE712A","#1D1D1B","#EE712A","#1D1D1B","#FFFFFF","#AAAAAA","#EE712A","#EE712A",0,""
591,"Minnesota (DSL)","Twin","Twins","minnesota_(dsl)_twins.png",0,58,177,0,3,56,47,6,0,0,0,0,"#002D59","#D0043C","#002D59","#D0043C","#FFFFFF","#AAAAAA","#002D59","#002D59",0,""
592,"Pittsburgh (DSL)","Pir1","Pirates 1","pittsburgh_(dsl)_pirates_1.png",0,42,177,0,1,56,52,6,0,0,0,0,"#FDB827","#000000","#FDB827","#000000","#FFFFFF","#AAAAAA","#FDB827","#FDB827",0,""
593,"Chicago A (DSL)","WS","White Sox","chicago_a_(dsl)_white_sox.png",0,58,177,0,0,56,35,6,0,0,0,0,"#FFFFFF","#1D1D1B","#FFFFFF","#1D1D1B","#FFFFFF","#AAAAAA","#FFFFFF","#FFFFFF",0,""
594,"Cincinnati (DSL)","Reds","Reds","cincinnati_(dsl)_reds.png",0,58,177,0,0,56,37,6,0,0,0,0,"#C6011F","#041E42","#C6011F","#041E42","#FFFFFF","#AAAAAA","#C6011F","#C6011F",0,""
595,"Philadelphia (DSL)","PhiR","Phillies Red","philadelphia_(dsl)_phillies_red.png",0,45,177,0,2,56,51,6,0,0,0,0,"#E81828","#003278","#E81828","#003278","#FFFFFF","#AAAAAA","#E81828","#E81828",0,""
596,"Los Angeles (DSL)","Ang","Angels","los_angeles_(dsl)_angels.png",0,46,177,0,4,56,44,6,0,0,0,0,"#BA0021","#003263","#BA0021","#003263","#FFFFFF","#AAAAAA","#BA0021","#BA0021",0,""
597,"Tampa Bay (DSL)","Ray1","Rays 1","tampa_bay_(dsl)_rays_1.png",0,47,177,0,2,56,57,6,0,0,0,0,"#092C5C","#8FBCE6","#092C5C","#8FBCE6","#FFFFFF","#AAAAAA","#092C5C","#092C5C",0,""
598,"Baltimore (DSL)","Ori1","Orioles 1","baltimore_(dsl)_orioles_1.png",0,58,177,0,0,56,33,6,0,0,0,0,"#DF4601","#000000","#DF4601","#000000","#FFFFFF","#AAAAAA","#DF4601","#DF4601",0,""
599,"New York A (DSL)","Yan1","Yankees 1","new_york_a_(dsl)_yankees_1.png",0,49,177,0,1,56,48,6,0,0,0,0,"#132448","#FFFFFF","#132448","#FFFFFF","#FFFFFF","#AAAAAA","#132448","#132448",0,""
600,"San Diego (DSL)","Pad1","Padres 1","san_diego_(dsl)_padres_1.png",0,50,177,0,0,56,53,6,0,0,0,0,"#05143F","#FDB726","#05143F","#FDB726","#FFFFFF","#AAAAAA","#05143F","#05143F",0,""
601,"Colorado (DSL)","Roc1","Rockies 1","colorado_(dsl)_rockies_1.png",0,51,177,0,4,56,39,6,0,0,0,0,"#33006F","#C4CED4","#33006F","#C4CED4","#FFFFFF","#AAAAAA","#33006F","#33006F",0,""
602,"New York N (DSL)","Met1","Mets 1","new_york_n_(dsl)_mets_1.png",0,8,177,0,1,56,49,6,0,0,0,0,"#002D72","#FF5910","#002D72","#FF5910","#FFFFFF","#AAAAAA","#002D72","#002D72",0,""
603,"Oakland (DSL)","Ath","Athletics","oakland_(dsl)_athletics.png",0,53,177,0,2,56,50,6,0,0,0,0,"#003831","#EFB21E","#003831","#EFB21E","#FFFFFF","#AAAAAA","#003831","#003831",0,""
604,"Los Angeles (DSL)","DodR","Dodgers Robinson","los_angeles_(dsl)_dodgers_robinson.png",0,10,177,0,3,56,45,6,0,0,0,0,"#005A9C","#FFFFFF","#005A9C","#FFFFFF","#FFFFFF","#AAAAAA","#005A9C","#005A9C",0,""
605,"Washington (DSL)","Nat","Nationals","washington_(dsl)_nationals.png",0,55,177,0,4,56,60,6,0,0,0,0,"#AB0003","#11225B","#AB0003","#11225B","#FFFFFF","#AAAAAA","#AB0003","#AB0003",0,""
606,"Miami (DSL)","Mar","Marlins","miami_(dsl)_marlins.png",0,56,177,0,2,56,41,6,0,0,0,0,"#00A3E0","#EF3340","#00A3E0","#EF3340","#FFFFFF","#AAAAAA","#00A3E0","#00A3E0",0,""
607,"St. Louis (DSL)","Car1","Cardinals 1","st_louis_(dsl)_cardinals_1.png",0,55,177,0,4,56,56,6,0,0,0,0,"#C41E3A","#000066","#C41E3A","#000066","#FFFFFF","#AAAAAA","#C41E3A","#C41E3A",0,""
608,"Arizona (DSL)","Dba1","Diamondbacks 1","arizona_(dsl)_diamondbacks_1.png",0,58,177,0,0,56,31,6,0,0,0,0,"#A71930","#000000","#A71930","#000000","#FFFFFF","#AAAAAA","#A71930","#A71930",0,""
609,"Cleveland (DSL)","Ind","Indians","cleveland_(dsl)_indians.png",0,59,177,0,1,56,38,6,0,0,0,0,"#E31937","#002B5C","#E31937","#002B5C","#FFFFFF","#AAAAAA","#E31937","#E31937",0,""
611,"Chicago N (DSL)","Cub1","Cubs 1","chicago_n_(dsl)_cubs_1.png",0,485,177,0,1,56,36,6,0,0,0,0,"#004B8B","#DA052E","#004B8B","#DA052E","#FFFFFF","#AAAAAA","#004B8B","#004B8B",0,""
613,"Texas (DSL)","Ran2","Rangers 2","texas_(dsl)_rangers_2.png",0,6,177,0,5,56,58,6,0,0,0,0,"#003278","#C0111F","#003278","#C0111F","#FFFFFF","#AAAAAA","#003278","#003278",0,""
614,"All-Stars","","All-Stars","_all-stars.png",0,7,177,0,0,0,0,6,0,0,0,0,"#DD0101","#000000","#DD0101","#DD0101","#DD0101","#DD0101","#000000","#000000",1,""
615,"All-Stars","SL2","All-Stars","_all-stars.png",0,10,177,0,0,0,0,6,0,0,0,0,"#1E1E9E","#FFFFFF","#1E1E9E","#1E1E9E","#1E1E9E","#1E1E9E","#FFFFFF","#FFFFFF",1,""
616,"Detroit (DSL)","Tig1","Tigers 1","detroit_(dsl)_tigers_1.png",0,64,177,0,4,56,40,6,0,0,0,0,"#0C2C56","#FF6600","#0C2C56","#FF6600","#FFFFFF","#AAAAAA","#0C2C56","#0C2C56",0,""
617,"Toronto (DSL)","Jays","Blue Jays","toronto_(dsl)_blue_jays.png",0,65,177,0,0,56,59,6,0,0,0,0,"#134A8E","#E8291C","#134A8E","#E8291C","#FFFFFF","#AAAAAA","#134A8E","#134A8E",0,""
619,"Atlanta (DSL)","Brav","Braves","atlanta_(dsl)_braves.png",0,67,177,0,4,56,32,6,0,0,0,0,"#002D59","#D0043C","#002D59","#D0043C","#FFFFFF","#AAAAAA","#002D59","#002D59",0,""
620,"Milwaukee (DSL)","Brew","Brewers","milwaukee_(dsl)_brewers.png",0,68,177,0,4,56,46,6,0,0,0,0,"#0A2351","#B6922E","#0A2351","#B6922E","#FFFFFF","#AAAAAA","#0A2351","#0A2351",0,""
651,"Chicago A (AZL)","ACHA","White Sox","chicago_a_(azl)_white_sox.png",0,401,164,0,1,206,35,6,0,0,0,0,"#FFFFFF","#1D1D1B","#FFFFFF","#1D1D1B","#FFFFFF","#AAAAAA","#FFFFFF","#FFFFFF",0,""
736,"Kansas City (AZL)","AKC","Royals","kansas_city_(azl)_royals.png",77041,230,164,0,2,206,43,6,0,0,0,0,"#004687","#C09A5B","#004687","#C09A5B","#FFFFFF","#AAAAAA","#004687","#004687",0,""
742,"Chicago N (DSL)","Cub2","Cubs 2","chicago_n_(dsl)_cubs_2.png",0,485,177,0,3,56,36,6,0,0,0,0,"#004B8B","#DA052E","#004B8B","#DA052E","#FFFFFF","#AAAAAA","#004B8B","#004B8B",0,""
745,"Detroit W (GCL)","GDEW","Tigers West","detroit_w_(gcl)_tigers_west.png",72393,166,165,0,0,206,40,6,0,0,0,0,"#0C2C56","#FF6600","#0C2C56","#FF6600","#FFFFFF","#AAAAAA","#0C2C56","#0C2C56",0,""
751,"Los Angeles (DSL)","DodG","Dodgers Guerrero","los_angeles_(dsl)_dodgers_guerrero.png",0,10,177,0,2,56,45,6,0,0,0,0,"#005A9C","#FFFFFF","#005A9C","#FFFFFF","#FFFFFF","#AAAAAA","#005A9C","#005A9C",0,""
753,"Arizona (DSL)","Dba2","Diamondbacks 2","arizona_(dsl)_diamondbacks_2.png",0,485,177,0,3,56,31,6,0,0,0,0,"#A71930","#000000","#A71930","#000000","#FFFFFF","#AAAAAA","#A71930","#A71930",0,""
754,"Philadelphia (DSL)","PhiW","Phillies White","philadelphia_(dsl)_phillies_white.png",0,45,177,0,5,56,51,6,0,0,0,0,"#E81828","#003278","#E81828","#003278","#FFFFFF","#AAAAAA","#E81828","#E81828",0,""
755,"Tampa Bay (DSL)","Ray2","Rays 2","tampa_bay_(dsl)_rays_2.png",0,47,177,0,5,56,57,6,0,0,0,0,"#092C5C","#8FBCE6","#092C5C","#8FBCE6","#FFFFFF","#AAAAAA","#092C5C","#092C5C",0,""
756,"Down East","DE","Wood Ducks","down_east_wood_ducks.png",38642,154,157,0,1,206,58,4,0,0,0,0,"#007D32","#EE712A","#007D32","#EE712A","#FFFFFF","#AAAAAA","#007D32","#007D32",0,""
757,"Florida","FLO","Fire Frogs","florida_fire_frogs.png",38870,480,158,0,0,206,32,4,0,0,0,0,"#1D1D1B","#D0043C","#1D1D1B","#D0043C","#FFFFFF","#AAAAAA","#1D1D1B","#1D1D1B",0,""
758,"Fayetteville","FAY","Woodpeckers","fayetteville_woodpeckers.png",25324,486,157,0,1,206,42,4,0,0,0,0,"#D0043C","#C0C0C0","#D0043C","#C0C0C0","#FFFFFF","#AAAAAA","#D0043C","#D0043C",0,""
785,"San Diego (AZL)","ASD2","Padres 2","san_diego_(azl)_padres_2.png",81480,514,164,0,2,206,53,6,0,0,0,0,"#05143F","#FDB726","#05143F","#FDB726","#FFFFFF","#AAAAAA","#05143F","#05143F",0,""
792,"Colorado (DSL)","Col","Colorado","colorado_(dsl)_colorado.png",0,519,177,0,5,56,39,6,0,0,0,0,"#33006F","#C4CED4","#33006F","#C4CED4","#FFFFFF","#AAAAAA","#33006F","#33006F",0,""
793,"Boston (DSL)","RSo2","Red Sox 2","boston_(dsl)_red_sox_2.png",0,520,177,0,5,56,34,6,0,0,0,0,"#BD3039","#0D2B56","#BD3039","#0D2B56","#FFFFFF","#AAAAAA","#BD3039","#BD3039",0,""
794,"Detroit (DSL)","Tig2","Tigers 2","detroit_(dsl)_tigers_2.png",0,521,177,0,1,56,40,6,0,0,0,0,"#0C2C56","#FF6600","#0C2C56","#FF6600","#FFFFFF","#AAAAAA","#0C2C56","#0C2C56",0,""
795,"St. Louis (DSL)","Car2","Cardinals 2","st_louis_(dsl)_cardinals_2.png",0,522,177,0,0,56,56,6,0,0,0,0,"#C41E3A","#000066","#C41E3A","#000066","#FFFFFF","#AAAAAA","#C41E3A","#C41E3A",0,""
796,"Cleveland (AZL)","ACLB","Indians Blue","cleveland_(azl)_indians_blue.png",0,523,164,0,1,206,38,6,0,0,0,0,"#E31937","#002B5C","#E31937","#002B5C","#FFFFFF","#AAAAAA","#E31937","#E31937",0,""
797,"San Francisco (AZL)","ASF2","AZL Giants Black","san_francisco_(azl)_azl_giants_black.png",0,524,164,0,0,206,55,6,0,0,0,0,"#EE712A","#1D1D1B","#EE712A","#1D1D1B","#FFFFFF","#AAAAAA","#EE712A","#EE712A",0,""
798,"Philadelphia W (GCL)","GPHW","Phillies West","philadelphia_w_(gcl)_phillies_west.png",0,525,165,0,0,206,51,6,0,0,0,0,"#E81828","#003278","#E81828","#003278","#FFFFFF","#AAAAAA","#E81828","#E81828",0,""
799,"All-Stars","AS1","All-Stars","_all-stars.png",0,242,166,0,0,0,0,6,0,0,0,0,"#9B0101","#000000","#9B0101","#000000","#9B0101","#9B0101","#000000","#000000",1,""
800,"All-Stars","AS2","All-Stars","_all-stars.png",0,241,166,0,0,0,0,6,0,0,0,0,"#1E1E9E","#F0F0F0","#1E1E9E","#F0F0F0","#1E1E9E","#1E1E9E","#F0F0F0","#F0F0F0",1,""
809,"Chicago N (AZL)","ACH2","Cubs 2","chicago_n_(azl)_cubs_2.png",49808,534,164,0,1,206,36,6,0,0,0,0,"#004B8B","#DA052E","#004B8B","#DA052E","#FFFFFF","#AAAAAA","#004B8B","#004B8B",0,""
812,"Kansas City (DSL)","Roy2","Royals 2","kansas_city_(dsl)_royals_2.png",0,537,177,0,2,56,43,6,0,0,0,0,"#004687","#C09A5B","#004687","#C09A5B","#FFFFFF","#AAAAAA","#004687","#004687",0,""
813,"Pittsburgh (DSL)","Pir2","Pirates 2","pittsburgh_(dsl)_pirates_2.png",18354,538,177,0,1,56,52,6,0,0,0,0,"#FDB827","#000000","#FDB827","#000000","#FFFFFF","#AAAAAA","#FDB827","#FDB827",0,""
814,"Milwaukee (AZL)","AMIB","Brewers Blue","milwaukee_(azl)_brewers_blue.png",25163,539,164,0,1,206,46,6,0,0,0,0,"#0A2351","#B6922E","#0A2351","#B6922E","#FFFFFF","#AAAAAA","#0A2351","#0A2351",0,""
815,"Oakland (AZL)","AOGo","Athletics Gold","oakland_(azl)_athletics_gold.png",67126,540,164,0,0,206,50,6,0,0,0,0,"#003831","#EFB21E","#003831","#EFB21E","#FFFFFF","#AAAAAA","#003831","#003831",0,""
816,"Los Angeles N (AZL)","ALA2","Dodgers2","los_angeles_n_(azl)_dodgers2.png",55288,541,164,0,2,206,45,6,0,0,0,0,"#005A9C","#FFFFFF","#005A9C","#FFFFFF","#FFFFFF","#AAAAAA","#005A9C","#005A9C",0,""
